,id,title,rice,post link,created,upvote ratio,upvote,downvote
0,ounm70,August Ricing Competition (with Prizes!),https://www.reddit.com/r/unixporn/comments/ounm70/august_ricing_competition_with_prizes/,https://www.reddit.com//r/unixporn/comments/ounm70/august_ricing_competition_with_prizes/,2021-07-30 22:11:08,0.99,273,0
1,p09onb,| Weekly Workshop 2021-08-08,https://www.reddit.com/r/unixporn/comments/p09onb/weekly_workshop_20210808/,https://www.reddit.com//r/unixporn/comments/p09onb/weekly_workshop_20210808/,2021-08-08 12:35:12,0.93,13,0
2,p37g4n,[i3-gaps] One rice to rule them all,https://i.redd.it/0l6l9kw0dzg71.png,https://www.reddit.com//r/unixporn/comments/p37g4n/i3gaps_one_rice_to_rule_them_all/,2021-08-13 01:53:54,0.96,187,0
3,p2x1ad,[i3-gaps] | Strawberry Spaceman Two,https://i.redd.it/jgnt38zilwg71.png,https://www.reddit.com//r/unixporn/comments/p2x1ad/i3gaps_strawberry_spaceman_two/,2021-08-12 16:24:07,0.99,646,0
4,p31dg3,[dwm] Cozy Cyberpunk Night,https://i.redd.it/ebvoa7gvwxg71.png,https://www.reddit.com//r/unixporn/comments/p31dg3/dwm_cozy_cyberpunk_night/,2021-08-12 20:49:36,0.98,242,0
5,p3ctpx,[awesome] Cyberhacker 2077,https://i.redd.it/nxciknm5v0h71.png,https://www.reddit.com//r/unixporn/comments/p3ctpx/awesome_cyberhacker_2077/,2021-08-13 06:44:56,0.88,35,0
6,p3cov9,[Awesome] I just... love nord,https://i.redd.it/71rvxcaet0h71.png,https://www.reddit.com//r/unixporn/comments/p3cov9/awesome_i_just_love_nord/,2021-08-13 06:36:17,0.95,30,0
7,p35ln1,[i3-gaps] My very first rice! Ayu-Dark :3,https://i.redd.it/c2uoqx47yyg71.png,https://www.reddit.com//r/unixporn/comments/p35ln1/i3gaps_my_very_first_rice_ayudark_3/,2021-08-13 00:18:54,0.96,90,0
8,p30ms3,[bspwm] same rice? again?,https://i.redd.it/y9ydqki1qxg71.png,https://www.reddit.com//r/unixporn/comments/p30ms3/bspwm_same_rice_again/,2021-08-12 20:11:11,0.99,152,0
9,p32ogr,[GNOME] Kinda cyberpunk aesthetic for my work laptop (WIP),https://i.redd.it/6yxfx1l88yg71.png,https://www.reddit.com//r/unixporn/comments/p32ogr/gnome_kinda_cyberpunk_aesthetic_for_my_work/,2021-08-12 21:54:50,0.96,70,0
10,p3e89j,[XFCE] new life to an old macbook,https://i.redd.it/70f3b55ia1h71.jpg,https://www.reddit.com//r/unixporn/comments/p3e89j/xfce_new_life_to_an_old_macbook/,2021-08-13 08:12:47,0.92,10,0
11,p2w05e,[Amethyst] The Spaceducks meet the Astronauts,https://i.redd.it/fcyl3dqz5wg71.jpg,https://www.reddit.com//r/unixporn/comments/p2w05e/amethyst_the_spaceducks_meet_the_astronauts/,2021-08-12 14:57:40,0.97,117,0
12,p2ztsk,| How do you make dotfiles?,https://www.reddit.com/r/unixporn/comments/p2ztsk/how_do_you_make_dotfiles/,https://www.reddit.com//r/unixporn/comments/p2ztsk/how_do_you_make_dotfiles/,2021-08-12 19:28:19,0.87,28,0
13,p2whm1,[Plasma/KDE] Simple and minimal workstation setup,https://i.redd.it/lo53hwqadwg71.png,https://www.reddit.com//r/unixporn/comments/p2whm1/plasmakde_simple_and_minimal_workstation_setup/,2021-08-12 15:39:26,0.93,55,0
14,p3dpuu,[KDE] Gray and Blur,https://i.redd.it/x1veomht41h71.jpg,https://www.reddit.com//r/unixporn/comments/p3dpuu/kde_gray_and_blur/,2021-08-13 07:40:09,0.63,2,0
15,p2l8fx,[i3wm] zero - oceanblue,https://i.redd.it/gmfg077yesg71.png,https://www.reddit.com//r/unixporn/comments/p2l8fx/i3wm_zero_oceanblue/,2021-08-12 02:19:56,0.98,242,0
16,p2cyup,[Openbox] Blue Eagles,https://i.redd.it/p1sefia9cqg71.png,https://www.reddit.com//r/unixporn/comments/p2cyup/openbox_blue_eagles/,2021-08-11 19:22:24,1.0,614,0
17,p292xv,[OC] I made a script that plays the lo-fi stream in the terminal,https://i.redd.it/t4o38q3lyog71.png,https://www.reddit.com//r/unixporn/comments/p292xv/oc_i_made_a_script_that_plays_the_lofi_stream_in/,2021-08-11 14:42:37,0.99,1240,0
18,p2chd3,[BSPWM] Into the interstellar space we shall serenade~,https://i.redd.it/yvz2s22d7qg71.png,https://www.reddit.com//r/unixporn/comments/p2chd3/bspwm_into_the_interstellar_space_we_shall/,2021-08-11 18:54:22,0.99,450,0
19,p2tl4p,[KDE Theme] Faded - Remember the past for how the present came to be,https://i.redd.it/f26ptd2vagg71.png,https://www.reddit.com//r/unixporn/comments/p2tl4p/kde_theme_faded_remember_the_past_for_how_the/,2021-08-12 11:38:35,0.83,14,0
20,p2jf2f,[i3-gaps] Matrix theme,https://i.redd.it/xmanhg8fvrg71.png,https://www.reddit.com//r/unixporn/comments/p2jf2f/i3gaps_matrix_theme/,2021-08-12 00:48:32,0.93,91,0
21,p2df8e,[XFCE] Arch Linux gave an old laptop a new life,https://i.redd.it/xveqgz85hqg71.png,https://www.reddit.com//r/unixporn/comments/p2df8e/xfce_arch_linux_gave_an_old_laptop_a_new_life/,2021-08-11 19:48:46,0.98,171,0
22,p2dm71,[awesome] post communist rice,https://i.redd.it/8la0y066jqg71.png,https://www.reddit.com//r/unixporn/comments/p2dm71/awesome_post_communist_rice/,2021-08-11 19:59:52,0.92,116,0
23,p2lsxe,[XFCE] /Krypto/,https://i.redd.it/v2d5gt92ksg71.jpg,https://www.reddit.com//r/unixporn/comments/p2lsxe/xfce_krypto/,2021-08-12 02:49:28,0.89,28,0
24,p2aamk,"[i3-gaps] New to ricing, finally feel confident enough to post here!",https://i.redd.it/gpaveii7gpg71.png,https://www.reddit.com//r/unixporn/comments/p2aamk/i3gaps_new_to_ricing_finally_feel_confident/,2021-08-11 16:23:29,0.99,160,0
25,p2a3cr,[rio] just something else,https://i.redd.it/51bas63qdpg71.jpg,https://www.reddit.com//r/unixporn/comments/p2a3cr/rio_just_something_else/,2021-08-11 16:07:20,0.99,112,0
26,p2dm8u,[awesome] literally the same thing as before but different and probably the final version of it,https://i.redd.it/i9612ujmgqg71.png,https://www.reddit.com//r/unixporn/comments/p2dm8u/awesome_literally_the_same_thing_as_before_but/,2021-08-11 19:59:56,0.96,56,0
27,p2do4c,Work in Progress [dwm],https://i.redd.it/vi8rgzxmjqg71.png,https://www.reddit.com//r/unixporn/comments/p2do4c/work_in_progress_dwm/,2021-08-11 20:02:21,0.92,55,0
28,p2grm2,"[i3-gaps] Cozy, minimalist solarized dark theme. second rice attempt",https://i.redd.it/hayqfzknbrg71.png,https://www.reddit.com//r/unixporn/comments/p2grm2/i3gaps_cozy_minimalist_solarized_dark_theme/,2021-08-11 22:39:41,0.92,27,0
29,p2b0z9,[XFCE] Cold Waves {1st rice !! :)},https://i.redd.it/dylqpncvppg71.jpg,https://www.reddit.com//r/unixporn/comments/p2b0z9/xfce_cold_waves_1st_rice/,2021-08-11 17:17:32,0.95,72,0
